60;W drodze;Przesyłka jest w drodze do odbiorcy;2018-09-08T21:54:07;2
61;W drodze;Przesyłka jest w drodze do odbiorcy;2018-08-26T08:42:56;5
62;W drodze;Przesyłka jest w drodze do odbiorcy;2018-01-05T05:31:39;19
63;W drodze;Przesyłka jest w drodze do odbiorcy;2017-01-17T13:31:39;20
64;W drodze;Przesyłka jest w drodze do odbiorcy;2017-08-03T16:14:51;21
65;W drodze;Przesyłka jest w drodze do odbiorcy;2018-08-31T06:45:41;25
66;W drodze;Przesyłka jest w drodze do odbiorcy;2017-04-01T22:08:15;26
67;W drodze;Przesyłka jest w drodze do odbiorcy;2018-07-04T04:03:55;32
68;W drodze;Przesyłka jest w drodze do odbiorcy;2017-06-05T18:50:58;34
69;W drodze;Przesyłka jest w drodze do odbiorcy;2018-08-14T04:07:20;41
70;W drodze;Przesyłka jest w drodze do odbiorcy;2018-10-15T13:59:39;42
71;W drodze;Przesyłka jest w drodze do odbiorcy;2017-04-05T12:44:05;48
