1501;W drodze;Przesyłka jest w drodze do odbiorcy;2017-12-09T13:51:23;5
1502;W drodze;Przesyłka jest w drodze do odbiorcy;2018-06-18T10:18:22;8
1503;W drodze;Przesyłka jest w drodze do odbiorcy;2018-04-24T04:10:57;9
1504;W drodze;Przesyłka jest w drodze do odbiorcy;2017-11-04T01:28:22;11
1505;W drodze;Przesyłka jest w drodze do odbiorcy;2017-02-11T11:36:47;13
1506;W drodze;Przesyłka jest w drodze do odbiorcy;2017-03-10T00:47:41;16
1507;W drodze;Przesyłka jest w drodze do odbiorcy;2018-03-22T13:33:02;20
1508;W drodze;Przesyłka jest w drodze do odbiorcy;2017-11-25T16:51:22;27
1509;W drodze;Przesyłka jest w drodze do odbiorcy;2018-07-31T01:24:25;32
1510;W drodze;Przesyłka jest w drodze do odbiorcy;2017-02-03T02:43:41;33
1511;W drodze;Przesyłka jest w drodze do odbiorcy;2018-10-30T19:54:04;43
1512;W drodze;Przesyłka jest w drodze do odbiorcy;2017-02-19T06:47:13;44
1513;W drodze;Przesyłka jest w drodze do odbiorcy;2018-06-01T14:01:26;48
1514;W drodze;Przesyłka jest w drodze do odbiorcy;2017-06-21T20:12:53;55
1515;W drodze;Przesyłka jest w drodze do odbiorcy;2018-06-27T13:26:16;58
1516;W drodze;Przesyłka jest w drodze do odbiorcy;2017-09-16T12:45:54;70
1517;W drodze;Przesyłka jest w drodze do odbiorcy;2017-03-09T15:02:27;72
1518;W drodze;Przesyłka jest w drodze do odbiorcy;2017-10-08T20:46:48;77
1519;W drodze;Przesyłka jest w drodze do odbiorcy;2018-12-07T16:50:15;85
1520;W drodze;Przesyłka jest w drodze do odbiorcy;2017-11-14T11:25:20;86
1521;W drodze;Przesyłka jest w drodze do odbiorcy;2017-12-20T08:46:54;88
1522;W drodze;Przesyłka jest w drodze do odbiorcy;2018-04-20T22:30:42;90
1523;W drodze;Przesyłka jest w drodze do odbiorcy;2017-01-06T01:12:19;96
1524;W drodze;Przesyłka jest w drodze do odbiorcy;2018-02-07T10:09:05;100
1525;W drodze;Przesyłka jest w drodze do odbiorcy;2017-05-08T22:24:46;101
1526;W drodze;Przesyłka jest w drodze do odbiorcy;2017-02-22T18:57:56;104
1527;W drodze;Przesyłka jest w drodze do odbiorcy;2017-12-18T01:22:00;105
1528;W drodze;Przesyłka jest w drodze do odbiorcy;2017-08-09T10:22:31;112
1529;W drodze;Przesyłka jest w drodze do odbiorcy;2018-04-25T17:46:53;114
1530;W drodze;Przesyłka jest w drodze do odbiorcy;2017-12-25T11:53:51;120
1531;W drodze;Przesyłka jest w drodze do odbiorcy;2018-11-30T23:33:29;124
1532;W drodze;Przesyłka jest w drodze do odbiorcy;2017-01-05T07:20:39;126
1533;W drodze;Przesyłka jest w drodze do odbiorcy;2017-11-01T05:25:12;127
1534;W drodze;Przesyłka jest w drodze do odbiorcy;2017-08-26T00:35:22;128
1535;W drodze;Przesyłka jest w drodze do odbiorcy;2018-04-06T03:59:53;133
1536;W drodze;Przesyłka jest w drodze do odbiorcy;2017-08-08T13:16:35;135
1537;W drodze;Przesyłka jest w drodze do odbiorcy;2018-08-18T03:06:09;136
1538;W drodze;Przesyłka jest w drodze do odbiorcy;2017-08-25T07:50:49;141
1539;W drodze;Przesyłka jest w drodze do odbiorcy;2017-08-09T13:18:05;143
1540;W drodze;Przesyłka jest w drodze do odbiorcy;2017-02-27T15:50:54;146
1541;W drodze;Przesyłka jest w drodze do odbiorcy;2018-05-27T04:54:56;147
1542;W drodze;Przesyłka jest w drodze do odbiorcy;2018-09-04T08:37:45;150
1543;W drodze;Przesyłka jest w drodze do odbiorcy;2018-12-11T11:44:06;154
1544;W drodze;Przesyłka jest w drodze do odbiorcy;2017-06-10T22:36:05;156
1545;W drodze;Przesyłka jest w drodze do odbiorcy;2017-03-22T18:19:44;157
1546;W drodze;Przesyłka jest w drodze do odbiorcy;2018-08-14T01:55:16;167
1547;W drodze;Przesyłka jest w drodze do odbiorcy;2017-07-03T23:51:12;172
1548;W drodze;Przesyłka jest w drodze do odbiorcy;2017-07-21T06:20:42;186
1549;W drodze;Przesyłka jest w drodze do odbiorcy;2017-05-03T12:49:45;187
1550;W drodze;Przesyłka jest w drodze do odbiorcy;2018-11-30T10:45:05;196
1551;W drodze;Przesyłka jest w drodze do odbiorcy;2018-04-09T14:06:51;198
1552;W drodze;Przesyłka jest w drodze do odbiorcy;2018-07-29T14:46:38;201
1553;W drodze;Przesyłka jest w drodze do odbiorcy;2018-12-14T22:26:41;203
1554;W drodze;Przesyłka jest w drodze do odbiorcy;2018-07-04T10:00:09;205
1555;W drodze;Przesyłka jest w drodze do odbiorcy;2017-06-23T01:49:53;219
1556;W drodze;Przesyłka jest w drodze do odbiorcy;2017-10-12T03:09:59;224
1557;W drodze;Przesyłka jest w drodze do odbiorcy;2017-07-27T22:09:04;236
1558;W drodze;Przesyłka jest w drodze do odbiorcy;2017-12-18T10:41:22;240
1559;W drodze;Przesyłka jest w drodze do odbiorcy;2018-10-28T10:42:06;247
1560;W drodze;Przesyłka jest w drodze do odbiorcy;2018-06-24T09:57:28;248
1561;W drodze;Przesyłka jest w drodze do odbiorcy;2018-05-27T08:18:59;265
1562;W drodze;Przesyłka jest w drodze do odbiorcy;2018-02-16T03:13:15;267
1563;W drodze;Przesyłka jest w drodze do odbiorcy;2018-08-08T02:53:19;270
1564;W drodze;Przesyłka jest w drodze do odbiorcy;2017-09-20T23:22:21;272
1565;W drodze;Przesyłka jest w drodze do odbiorcy;2017-10-20T01:18:59;273
1566;W drodze;Przesyłka jest w drodze do odbiorcy;2017-06-25T15:52:44;282
1567;W drodze;Przesyłka jest w drodze do odbiorcy;2017-01-20T02:01:01;287
1568;W drodze;Przesyłka jest w drodze do odbiorcy;2017-03-02T04:30:20;295
1569;W drodze;Przesyłka jest w drodze do odbiorcy;2018-08-23T07:16:26;300
1570;W drodze;Przesyłka jest w drodze do odbiorcy;2018-06-09T07:00:51;301
1571;W drodze;Przesyłka jest w drodze do odbiorcy;2018-05-01T19:50:57;302
1572;W drodze;Przesyłka jest w drodze do odbiorcy;2018-08-07T11:06:23;303
1573;W drodze;Przesyłka jest w drodze do odbiorcy;2018-12-03T08:57:34;305
1574;W drodze;Przesyłka jest w drodze do odbiorcy;2017-11-24T04:42:43;307
1575;W drodze;Przesyłka jest w drodze do odbiorcy;2017-04-01T20:44:42;308
1576;W drodze;Przesyłka jest w drodze do odbiorcy;2018-07-15T20:17:26;309
1577;W drodze;Przesyłka jest w drodze do odbiorcy;2018-09-30T10:42:06;313
1578;W drodze;Przesyłka jest w drodze do odbiorcy;2018-09-28T05:18:58;318
1579;W drodze;Przesyłka jest w drodze do odbiorcy;2017-05-02T14:27:03;320
1580;W drodze;Przesyłka jest w drodze do odbiorcy;2017-10-20T08:14:59;323
1581;W drodze;Przesyłka jest w drodze do odbiorcy;2018-07-20T02:35:28;326
1582;W drodze;Przesyłka jest w drodze do odbiorcy;2018-07-23T17:35:56;330
1583;W drodze;Przesyłka jest w drodze do odbiorcy;2017-12-27T15:57:23;331
1584;W drodze;Przesyłka jest w drodze do odbiorcy;2017-10-18T04:27:36;332
1585;W drodze;Przesyłka jest w drodze do odbiorcy;2017-04-16T12:03:40;340
1586;W drodze;Przesyłka jest w drodze do odbiorcy;2018-09-04T13:42:22;346
1587;W drodze;Przesyłka jest w drodze do odbiorcy;2018-07-23T16:13:46;348
1588;W drodze;Przesyłka jest w drodze do odbiorcy;2017-05-27T23:56:01;351
1589;W drodze;Przesyłka jest w drodze do odbiorcy;2017-08-28T00:11:11;363
1590;W drodze;Przesyłka jest w drodze do odbiorcy;2018-04-25T04:12:33;366
1591;W drodze;Przesyłka jest w drodze do odbiorcy;2018-07-02T02:50:24;368
1592;W drodze;Przesyłka jest w drodze do odbiorcy;2018-03-01T14:54:05;370
1593;W drodze;Przesyłka jest w drodze do odbiorcy;2017-02-09T23:32:23;378
1594;W drodze;Przesyłka jest w drodze do odbiorcy;2017-04-04T02:31:08;389
1595;W drodze;Przesyłka jest w drodze do odbiorcy;2017-09-25T09:50:08;391
1596;W drodze;Przesyłka jest w drodze do odbiorcy;2017-07-11T22:08:13;393
1597;W drodze;Przesyłka jest w drodze do odbiorcy;2017-12-03T07:12:58;394
1598;W drodze;Przesyłka jest w drodze do odbiorcy;2017-05-17T21:13:53;399
1599;W drodze;Przesyłka jest w drodze do odbiorcy;2017-05-13T02:55:28;409
1600;W drodze;Przesyłka jest w drodze do odbiorcy;2018-10-29T14:21:08;412
1601;W drodze;Przesyłka jest w drodze do odbiorcy;2017-10-08T21:24:12;414
1602;W drodze;Przesyłka jest w drodze do odbiorcy;2017-11-20T02:51:58;416
1603;W drodze;Przesyłka jest w drodze do odbiorcy;2017-09-23T03:29:47;429
1604;W drodze;Przesyłka jest w drodze do odbiorcy;2018-06-04T20:28:03;430
1605;W drodze;Przesyłka jest w drodze do odbiorcy;2018-04-10T12:47:04;431
1606;W drodze;Przesyłka jest w drodze do odbiorcy;2018-09-24T14:53:52;433
1607;W drodze;Przesyłka jest w drodze do odbiorcy;2017-06-25T16:17:04;439
1608;W drodze;Przesyłka jest w drodze do odbiorcy;2017-03-25T22:54:54;442
1609;W drodze;Przesyłka jest w drodze do odbiorcy;2017-10-22T16:26:17;444
1610;W drodze;Przesyłka jest w drodze do odbiorcy;2018-01-21T09:06:19;446
1611;W drodze;Przesyłka jest w drodze do odbiorcy;2018-09-12T02:20:53;447
1612;W drodze;Przesyłka jest w drodze do odbiorcy;2017-09-29T06:35:03;449
1613;W drodze;Przesyłka jest w drodze do odbiorcy;2018-07-16T18:48:01;450
1614;W drodze;Przesyłka jest w drodze do odbiorcy;2018-01-22T17:14:32;457
1615;W drodze;Przesyłka jest w drodze do odbiorcy;2018-01-15T07:12:54;460
1616;W drodze;Przesyłka jest w drodze do odbiorcy;2018-02-25T15:07:00;465
1617;W drodze;Przesyłka jest w drodze do odbiorcy;2017-01-26T23:24:01;472
1618;W drodze;Przesyłka jest w drodze do odbiorcy;2018-11-01T17:06:44;483
1619;W drodze;Przesyłka jest w drodze do odbiorcy;2017-01-31T01:38:57;485
1620;W drodze;Przesyłka jest w drodze do odbiorcy;2018-11-27T23:03:12;488
1621;W drodze;Przesyłka jest w drodze do odbiorcy;2018-05-26T16:19:18;498
1622;W drodze;Przesyłka jest w drodze do odbiorcy;2018-03-01T09:46:02;502
1623;W drodze;Przesyłka jest w drodze do odbiorcy;2018-03-07T16:43:46;505
1624;W drodze;Przesyłka jest w drodze do odbiorcy;2018-07-21T07:53:16;510
1625;W drodze;Przesyłka jest w drodze do odbiorcy;2018-09-21T08:35:07;512
1626;W drodze;Przesyłka jest w drodze do odbiorcy;2018-07-04T05:00:38;520
1627;W drodze;Przesyłka jest w drodze do odbiorcy;2017-08-18T06:49:30;529
1628;W drodze;Przesyłka jest w drodze do odbiorcy;2018-08-23T00:35:52;533
1629;W drodze;Przesyłka jest w drodze do odbiorcy;2018-06-21T04:02:29;537
1630;W drodze;Przesyłka jest w drodze do odbiorcy;2017-09-29T22:35:30;540
1631;W drodze;Przesyłka jest w drodze do odbiorcy;2018-04-09T17:16:45;544
1632;W drodze;Przesyłka jest w drodze do odbiorcy;2017-06-25T17:05:30;546
1633;W drodze;Przesyłka jest w drodze do odbiorcy;2018-01-06T05:42:40;554
1634;W drodze;Przesyłka jest w drodze do odbiorcy;2017-03-24T16:56:39;557
1635;W drodze;Przesyłka jest w drodze do odbiorcy;2018-12-01T14:15:07;559
1636;W drodze;Przesyłka jest w drodze do odbiorcy;2018-09-27T20:48:01;564
1637;W drodze;Przesyłka jest w drodze do odbiorcy;2018-05-27T00:42:10;572
1638;W drodze;Przesyłka jest w drodze do odbiorcy;2018-07-14T15:40:05;578
1639;W drodze;Przesyłka jest w drodze do odbiorcy;2017-07-10T05:03:59;583
1640;W drodze;Przesyłka jest w drodze do odbiorcy;2018-05-13T04:10:18;586
1641;W drodze;Przesyłka jest w drodze do odbiorcy;2018-11-16T08:43:46;590
1642;W drodze;Przesyłka jest w drodze do odbiorcy;2018-01-28T09:42:47;593
1643;W drodze;Przesyłka jest w drodze do odbiorcy;2018-05-22T06:07:39;608
1644;W drodze;Przesyłka jest w drodze do odbiorcy;2017-03-21T22:16:06;616
1645;W drodze;Przesyłka jest w drodze do odbiorcy;2017-07-24T02:48:32;617
1646;W drodze;Przesyłka jest w drodze do odbiorcy;2018-09-01T21:21:04;624
1647;W drodze;Przesyłka jest w drodze do odbiorcy;2018-08-28T11:05:25;626
1648;W drodze;Przesyłka jest w drodze do odbiorcy;2017-10-25T07:54:12;627
1649;W drodze;Przesyłka jest w drodze do odbiorcy;2018-07-19T04:03:16;629
1650;W drodze;Przesyłka jest w drodze do odbiorcy;2018-12-13T21:09:29;633
1651;W drodze;Przesyłka jest w drodze do odbiorcy;2018-09-11T14:41:27;634
1652;W drodze;Przesyłka jest w drodze do odbiorcy;2018-11-07T13:51:12;640
1653;W drodze;Przesyłka jest w drodze do odbiorcy;2017-05-21T09:50:26;641
1654;W drodze;Przesyłka jest w drodze do odbiorcy;2017-12-01T03:55:36;653
1655;W drodze;Przesyłka jest w drodze do odbiorcy;2018-09-19T12:31:51;654
1656;W drodze;Przesyłka jest w drodze do odbiorcy;2018-03-20T07:07:29;656
1657;W drodze;Przesyłka jest w drodze do odbiorcy;2017-12-30T18:47:21;675
1658;W drodze;Przesyłka jest w drodze do odbiorcy;2018-04-30T14:46:39;676
1659;W drodze;Przesyłka jest w drodze do odbiorcy;2018-09-26T16:00:14;678
1660;W drodze;Przesyłka jest w drodze do odbiorcy;2018-08-30T20:12:40;682
1661;W drodze;Przesyłka jest w drodze do odbiorcy;2018-10-14T13:14:50;684
1662;W drodze;Przesyłka jest w drodze do odbiorcy;2018-10-17T17:25:42;685
1663;W drodze;Przesyłka jest w drodze do odbiorcy;2018-02-14T11:59:57;691
1664;W drodze;Przesyłka jest w drodze do odbiorcy;2017-10-06T13:26:03;692
1665;W drodze;Przesyłka jest w drodze do odbiorcy;2018-09-25T01:01:30;693
1666;W drodze;Przesyłka jest w drodze do odbiorcy;2018-09-21T09:11:57;696
1667;W drodze;Przesyłka jest w drodze do odbiorcy;2018-11-12T11:51:35;697
1668;W drodze;Przesyłka jest w drodze do odbiorcy;2017-04-24T15:57:21;701
1669;W drodze;Przesyłka jest w drodze do odbiorcy;2018-10-31T18:28:16;707
1670;W drodze;Przesyłka jest w drodze do odbiorcy;2018-01-11T22:01:12;708
1671;W drodze;Przesyłka jest w drodze do odbiorcy;2018-06-28T15:41:29;712
1672;W drodze;Przesyłka jest w drodze do odbiorcy;2018-11-26T00:41:49;715
1673;W drodze;Przesyłka jest w drodze do odbiorcy;2017-10-31T07:29:33;720
1674;W drodze;Przesyłka jest w drodze do odbiorcy;2018-03-14T14:26:32;721
1675;W drodze;Przesyłka jest w drodze do odbiorcy;2017-09-24T05:47:41;727
1676;W drodze;Przesyłka jest w drodze do odbiorcy;2017-08-14T23:11:15;728
1677;W drodze;Przesyłka jest w drodze do odbiorcy;2018-08-28T05:37:37;729
1678;W drodze;Przesyłka jest w drodze do odbiorcy;2018-06-24T19:17:41;733
1679;W drodze;Przesyłka jest w drodze do odbiorcy;2017-01-17T22:12:11;735
1680;W drodze;Przesyłka jest w drodze do odbiorcy;2018-10-19T07:05:24;736
1681;W drodze;Przesyłka jest w drodze do odbiorcy;2017-11-18T09:14:40;737
1682;W drodze;Przesyłka jest w drodze do odbiorcy;2017-03-06T04:56:37;738
1683;W drodze;Przesyłka jest w drodze do odbiorcy;2017-05-04T14:15:38;740
1684;W drodze;Przesyłka jest w drodze do odbiorcy;2018-10-25T10:40:41;746
1685;W drodze;Przesyłka jest w drodze do odbiorcy;2017-03-11T03:59:21;747
1686;W drodze;Przesyłka jest w drodze do odbiorcy;2017-06-27T23:55:09;753
1687;W drodze;Przesyłka jest w drodze do odbiorcy;2017-08-13T13:43:01;763
1688;W drodze;Przesyłka jest w drodze do odbiorcy;2018-05-16T22:24:53;768
1689;W drodze;Przesyłka jest w drodze do odbiorcy;2018-08-03T22:41:22;772
1690;W drodze;Przesyłka jest w drodze do odbiorcy;2018-05-22T11:39:53;776
1691;W drodze;Przesyłka jest w drodze do odbiorcy;2018-04-14T16:59:48;777
1692;W drodze;Przesyłka jest w drodze do odbiorcy;2017-12-23T00:20:42;789
1693;W drodze;Przesyłka jest w drodze do odbiorcy;2017-11-20T01:58:21;799
1694;W drodze;Przesyłka jest w drodze do odbiorcy;2018-06-14T23:10:19;804
1695;W drodze;Przesyłka jest w drodze do odbiorcy;2018-11-18T21:08:56;805
1696;W drodze;Przesyłka jest w drodze do odbiorcy;2017-02-26T07:20:07;815
1697;W drodze;Przesyłka jest w drodze do odbiorcy;2017-08-04T01:10:30;816
1698;W drodze;Przesyłka jest w drodze do odbiorcy;2017-02-14T11:28:28;823
1699;W drodze;Przesyłka jest w drodze do odbiorcy;2018-05-21T22:18:08;825
1700;W drodze;Przesyłka jest w drodze do odbiorcy;2018-05-12T15:30:37;834
1701;W drodze;Przesyłka jest w drodze do odbiorcy;2017-02-21T17:06:16;839
1702;W drodze;Przesyłka jest w drodze do odbiorcy;2017-02-26T14:31:57;847
1703;W drodze;Przesyłka jest w drodze do odbiorcy;2018-11-07T23:49:01;851
1704;W drodze;Przesyłka jest w drodze do odbiorcy;2017-10-19T09:41:10;853
1705;W drodze;Przesyłka jest w drodze do odbiorcy;2017-09-08T02:30:56;856
1706;W drodze;Przesyłka jest w drodze do odbiorcy;2017-11-03T09:55:07;860
1707;W drodze;Przesyłka jest w drodze do odbiorcy;2017-01-14T13:16:06;861
1708;W drodze;Przesyłka jest w drodze do odbiorcy;2018-04-29T09:04:46;862
1709;W drodze;Przesyłka jest w drodze do odbiorcy;2018-09-28T18:14:39;863
1710;W drodze;Przesyłka jest w drodze do odbiorcy;2017-02-23T23:22:04;864
1711;W drodze;Przesyłka jest w drodze do odbiorcy;2017-07-19T10:12:36;866
1712;W drodze;Przesyłka jest w drodze do odbiorcy;2018-01-11T04:39:12;875
1713;W drodze;Przesyłka jest w drodze do odbiorcy;2017-02-28T15:11:38;876
1714;W drodze;Przesyłka jest w drodze do odbiorcy;2018-05-19T08:04:54;879
1715;W drodze;Przesyłka jest w drodze do odbiorcy;2017-03-11T06:39:45;880
1716;W drodze;Przesyłka jest w drodze do odbiorcy;2018-09-06T23:09:16;883
1717;W drodze;Przesyłka jest w drodze do odbiorcy;2018-11-04T16:05:58;887
1718;W drodze;Przesyłka jest w drodze do odbiorcy;2017-02-01T21:31:58;894
1719;W drodze;Przesyłka jest w drodze do odbiorcy;2018-09-23T10:07:09;902
1720;W drodze;Przesyłka jest w drodze do odbiorcy;2018-11-20T15:18:06;904
1721;W drodze;Przesyłka jest w drodze do odbiorcy;2018-04-01T09:50:03;905
1722;W drodze;Przesyłka jest w drodze do odbiorcy;2018-07-13T23:25:46;907
1723;W drodze;Przesyłka jest w drodze do odbiorcy;2018-08-04T11:28:41;908
1724;W drodze;Przesyłka jest w drodze do odbiorcy;2017-01-16T20:26:08;912
1725;W drodze;Przesyłka jest w drodze do odbiorcy;2017-07-15T10:02:55;922
1726;W drodze;Przesyłka jest w drodze do odbiorcy;2017-05-31T18:05:32;925
1727;W drodze;Przesyłka jest w drodze do odbiorcy;2017-05-03T02:44:15;926
1728;W drodze;Przesyłka jest w drodze do odbiorcy;2017-05-11T17:08:13;928
1729;W drodze;Przesyłka jest w drodze do odbiorcy;2018-08-25T03:39:40;934
1730;W drodze;Przesyłka jest w drodze do odbiorcy;2018-12-08T10:23:55;935
1731;W drodze;Przesyłka jest w drodze do odbiorcy;2018-06-21T05:04:33;940
1732;W drodze;Przesyłka jest w drodze do odbiorcy;2017-04-22T16:15:40;944
1733;W drodze;Przesyłka jest w drodze do odbiorcy;2018-10-03T16:05:56;949
1734;W drodze;Przesyłka jest w drodze do odbiorcy;2018-03-06T01:32:14;951
1735;W drodze;Przesyłka jest w drodze do odbiorcy;2017-10-07T19:47:54;955
1736;W drodze;Przesyłka jest w drodze do odbiorcy;2018-07-17T09:45:04;956
1737;W drodze;Przesyłka jest w drodze do odbiorcy;2017-10-07T14:36:12;958
1738;W drodze;Przesyłka jest w drodze do odbiorcy;2017-03-16T11:06:30;965
1739;W drodze;Przesyłka jest w drodze do odbiorcy;2018-07-28T12:22:36;970
1740;W drodze;Przesyłka jest w drodze do odbiorcy;2017-11-14T18:30:08;979
1741;W drodze;Przesyłka jest w drodze do odbiorcy;2017-04-28T17:12:24;981
1742;W drodze;Przesyłka jest w drodze do odbiorcy;2018-12-13T11:59:05;983
1743;W drodze;Przesyłka jest w drodze do odbiorcy;2018-03-18T12:44:11;988
1744;W drodze;Przesyłka jest w drodze do odbiorcy;2017-02-04T03:27:43;992
1745;W drodze;Przesyłka jest w drodze do odbiorcy;2017-06-01T16:03:54;998
